[
  {
    "student_id": "S001",
    "name": "Alice Johnson",
    "dates": [
      {"date": "2025-09-01", "status": "Present"},
      {"date": "2025-09-02", "status": "Absent - Excused"},
      {"date": "2025-09-03", "status": "Present"},
      {"date": "2025-09-04", "status": "Tardy"},
      {"date": "2025-09-05", "status": "Cut Class"},
      {"date": "2025-09-06", "status": "Present"}
    ]
  },
  {
    "student_id": "S002",
    "name": "Brian Smith",
    "dates": [
      {"date": "2025-09-01", "status": "Tardy"},
      {"date": "2025-09-02", "status": "Present"},
      {"date": "2025-09-03", "status": "Absent - Unexcused"},
      {"date": "2025-09-04", "status": "Present"},
      {"date": "2025-09-05", "status": "Present"},
      {"date": "2025-09-06", "status": "Cut Class"}
    ]
  },
  {
    "student_id": "S003",
    "name": "Carla Gomez",
    "dates": [
      {"date": "2025-09-01", "status": "Present"},
      {"date": "2025-09-02", "status": "Present"},
      {"date": "2025-09-03", "status": "Absent - Excused"},
      {"date": "2025-09-04", "status": "Present"},
      {"date": "2025-09-05", "status": "Tardy"},
      {"date": "2025-09-06", "status": "Absent - Unexcused"}
    ]
  },
  {
    "student_id": "S004",
    "name": "Daniel Lee",
    "dates": [
      {"date": "2025-09-01", "status": "Cut Class"},
      {"date": "2025-09-02", "status": "Present"},
      {"date": "2025-09-03", "status": "Present"},
      {"date": "2025-09-04", "status": "Tardy"},
      {"date": "2025-09-05", "status": "Absent - Unexcused"},
      {"date": "2025-09-06", "status": "Present"}
    ]
  }
]
