[
  {
    "scenario_id": 1,
    "description": "Projectile launched at 20 m/s, 45 degrees",
    "initial_conditions": {
      "x0": 0,
      "y0": 0,
      "v0": 20,
      "angle_deg": 45,
      "g": -9.81
    },
    "samples": [
      { "t": 0, "x": 0.00, "y": 0.00 },
      { "t": 0.5, "x": 7.07, "y": 6.64 },
      { "t": 1.0, "x": 14.14, "y": 11.83 },
      { "t": 1.5, "x": 21.21, "y": 15.58 },
      { "t": 2.0, "x": 28.28, "y": 17.87 },
      { "t": 2.5, "x": 35.36, "y": 18.71 },
      { "t": 3.0, "x": 42.43, "y": 18.10 },
      { "t": 3.5, "x": 49.50, "y": 16.04 },
      { "t": 4.0, "x": 56.57, "y": 12.52 },
      { "t": 4.5, "x": 63.64, "y": 7.56 },
      { "t": 5.0, "x": 70.71, "y": 1.13 }
    ]
  },
  {
    "scenario_id": 2,
    "description": "Projectile launched at 15 m/s, 30 degrees",
    "initial_conditions": {
      "x0": 0,
      "y0": 0,
      "v0": 15,
      "angle_deg": 30,
      "g": -9.81
    },
    "samples": [
      { "t": 0, "x": 0.00, "y": 0.00 },
      { "t": 0.5, "x": 6.50, "y": 3.32 },
      { "t": 1.0, "x": 13.00, "y": 4.90 },
      { "t": 1.5, "x": 19.50, "y": 4.74 },
      { "t": 2.0, "x": 26.00, "y": 2.83 }
    ]
  },
  {
    "scenario_id": 3,
    "description": "Projectile launched at 25 m/s, 60 degrees",
    "initial_conditions": {
      "x0": 0,
      "y0": 0,
      "v0": 25,
      "angle_deg": 60,
      "g": -9.81
    },
    "samples": [
      { "t": 0, "x": 0.00, "y": 0.00 },
      { "t": 0.5, "x": 6.25, "y": 9.30 },
      { "t": 1.0, "x": 12.50, "y": 16.37 },
      { "t": 1.5, "x": 18.75, "y": 21.21 },
      { "t": 2.0, "x": 25.00, "y": 23.82 },
      { "t": 2.5, "x": 31.25, "y": 24.21 },
      { "t": 3.0, "x": 37.50, "y": 22.37 },
      { "t": 3.5, "x": 43.75, "y": 18.30 },
      { "t": 4.0, "x": 50.00, "y": 12.00 },
      { "t": 4.5, "x": 56.25, "y": 3.47 }
    ]
  }
]
