[
  {
    "respondent_id": 1,
    "age": 16,
    "gender": "Female",
    "grade_level": "Grade 11",
    "section": "STEM-A",
    "q1_satisfaction": 4,
    "q2_usability": 5,
    "q3_design": 4,
    "q4_clarity": 5,
    "q5_recommend": 5,
    "q6_overall": 5,
    "q7_comments": "Very helpful and easy to use. I’d recommend it to friends."
  },
  {
    "respondent_id": 2,
    "age": 17,
    "gender": "Male",
    "grade_level": "Grade 12",
    "section": "ABM-B",
    "q1_satisfaction": 3,
    "q2_usability": 3,
    "q3_design": 3,
    "q4_clarity": 4,
    "q5_recommend": 3,
    "q6_overall": 3,
    "q7_comments": "It’s okay but could be improved in terms of navigation."
  },
  {
    "respondent_id": 3,
    "age": 16,
    "gender": "Female",
    "grade_level": "Grade 11",
    "section": "STEM-C",
    "q1_satisfaction": 5,
    "q2_usability": 4,
    "q3_design": 5,
    "q4_clarity": 5,
    "q5_recommend": 5,
    "q6_overall": 5,
    "q7_comments": "I really liked the experience! It was engaging."
  },
  {
    "respondent_id": 4,
    "age": 15,
    "gender": "Male",
    "grade_level": "Grade 10",
    "section": "GAS-A",
    "q1_satisfaction": 2,
    "q2_usability": 3,
    "q3_design": 2,
    "q4_clarity": 3,
    "q5_recommend": 2,
    "q6_overall": 2,
    "q7_comments": "Some parts were confusing. Needs clearer instructions."
  },
  {
    "respondent_id": 5,
    "age": 18,
    "gender": "Female",
    "grade_level": "Grade 12",
    "section": "HUMSS-B",
    "q1_satisfaction": 4,
    "q2_usability": 4,
    "q3_design": 5,
    "q4_clarity": 4,
    "q5_recommend": 5,
    "q6_overall": 4,
    "q7_comments": "Good balance of design and usability. Pretty solid."
  },
  {
    "respondent_id": 6,
    "age": 17,
    "gender": "Male",
    "grade_level": "Grade 11",
    "section": "STEM-B",
    "q1_satisfaction": 5,
    "q2_usability": 5,
    "q3_design": 4,
    "q4_clarity": 5,
    "q5_recommend": 5,
    "q6_overall": 5,
    "q7_comments": "Really smooth and enjoyable to use!"
  },
  {
    "respondent_id": 7,
    "age": 16,
    "gender": "Female",
    "grade_level": "Grade 10",
    "section": "ABM-A",
    "q1_satisfaction": 3,
    "q2_usability": 2,
    "q3_design": 3,
    "q4_clarity": 3,
    "q5_recommend": 2,
    "q6_overall": 3,
    "q7_comments": "The layout is fine but loading speed should be faster."
  },
  {
    "respondent_id": 8,
    "age": 17,
    "gender": "Male",
    "grade_level": "Grade 12",
    "section": "TVL-A",
    "q1_satisfaction": 4,
    "q2_usability": 4,
    "q3_design": 4,
    "q4_clarity": 4,
    "q5_recommend": 4,
    "q6_overall": 4,
    "q7_comments": "Consistent performance. Works well on mobile."
  },
  {
    "respondent_id": 9,
    "age": 15,
    "gender": "Female",
    "grade_level": "Grade 9",
    "section": "STEM-D",
    "q1_satisfaction": 2,
    "q2_usability": 2,
    "q3_design": 2,
    "q4_clarity": 2,
    "q5_recommend": 1,
    "q6_overall": 2,
    "q7_comments": "I had trouble figuring out some features. Needs improvement."
  },
  {
    "respondent_id": 10,
    "age": 18,
    "gender": "Male",
    "grade_level": "Grade 12",
    "section": "HUMSS-A",
    "q1_satisfaction": 5,
    "q2_usability": 5,
    "q3_design": 5,
    "q4_clarity": 5,
    "q5_recommend": 5,
    "q6_overall": 5,
    "q7_comments": "Perfect! Everything worked just as expected."
  }
]
