[
  {
    "trip_id": 101,
    "route_id": 1,
    "origin": "Davao City",
    "destination": "Tagum",
    "date": "2025-09-20",
    "departure_time": "08:00",
    "arrival_time": "09:30",
    "travel_duration_min": 90,
    "bus_operator": "Davao Express",
    "bus_type": "Aircon",
    "capacity": 45,
    "passengers": 35,
    "occupancy_rate": 77.8,
    "fare": { "regular": 120, "student": 96, "senior": 84 },
    "status": "On Time"
  },
  {
    "trip_id": 102,
    "route_id": 1,
    "origin": "Davao City",
    "destination": "Tagum",
    "date": "2025-09-20",
    "departure_time": "14:00",
    "arrival_time": "15:40",
    "travel_duration_min": 100,
    "bus_operator": "Mindanao Transport",
    "bus_type": "Regular",
    "capacity": 50,
    "passengers": 48,
    "occupancy_rate": 96.0,
    "fare": { "regular": 110, "student": 88, "senior": 77 },
    "status": "Delayed"
  },
  {
    "trip_id": 201,
    "route_id": 2,
    "origin": "Davao City",
    "destination": "Mati",
    "date": "2025-09-21",
    "departure_time": "07:30",
    "arrival_time": "11:00",
    "travel_duration_min": 210,
    "bus_operator": "Davao Express",
    "bus_type": "Deluxe",
    "capacity": 40,
    "passengers": 28,
    "occupancy_rate": 70.0,
    "fare": { "regular": 200, "student": 160, "senior": 140 },
    "status": "On Time"
  },
  {
    "trip_id": 202,
    "route_id": 2,
    "origin": "Davao City",
    "destination": "Mati",
    "date": "2025-09-21",
    "departure_time": "13:00",
    "arrival_time": "16:40",
    "travel_duration_min": 220,
    "bus_operator": "Mindanao Transport",
    "bus_type": "Aircon",
    "capacity": 42,
    "passengers": 40,
    "occupancy_rate": 95.2,
    "fare": { "regular": 210, "student": 168, "senior": 147 },
    "status": "On Time"
  },
  {
    "trip_id": 301,
    "route_id": 3,
    "origin": "Tagum",
    "destination": "Compostela",
    "date": "2025-09-22",
    "departure_time": "09:00",
    "arrival_time": "10:15",
    "travel_duration_min": 75,
    "bus_operator": "Tagum Lines",
    "bus_type": "Regular",
    "capacity": 40,
    "passengers": 20,
    "occupancy_rate": 50.0,
    "fare": { "regular": 90, "student": 72, "senior": 63 },
    "status": "Cancelled"
  },
  {
    "trip_id": 302,
    "route_id": 3,
    "origin": "Tagum",
    "destination": "Compostela",
    "date": "2025-09-22",
    "departure_time": "17:00",
    "arrival_time": "18:20",
    "travel_duration_min": 80,
    "bus_operator": "Tagum Lines",
    "bus_type": "Aircon",
    "capacity": 38,
    "passengers": 34,
    "occupancy_rate": 89.5,
    "fare": { "regular": 95, "student": 76, "senior": 66 },
    "status": "On Time"
  }
]
