[
  {
    "date": "2025-09-01",
    "temperature": { "min": 27, "max": 33, "avg": 30 },
    "rainfall_mm": 5,
    "humidity": 70,
    "wind_speed_kmh": 12,
    "wind_direction": "NE",
    "pressure_hpa": 1010,
    "condition": "Partly Cloudy"
  },
  {
    "date": "2025-09-02",
    "temperature": { "min": 29, "max": 35, "avg": 32 },
    "rainfall_mm": 0,
    "humidity": 65,
    "wind_speed_kmh": 10,
    "wind_direction": "E",
    "pressure_hpa": 1008,
    "condition": "Sunny"
  },
  {
    "date": "2025-09-03",
    "temperature": { "min": 25, "max": 30, "avg": 28 },
    "rainfall_mm": 12,
    "humidity": 85,
    "wind_speed_kmh": 20,
    "wind_direction": "SW",
    "pressure_hpa": 1005,
    "condition": "Rainy"
  },
  {
    "date": "2025-09-04",
    "temperature": { "min": 26, "max": 31, "avg": 29 },
    "rainfall_mm": 30,
    "humidity": 90,
    "wind_speed_kmh": 25,
    "wind_direction": "W",
    "pressure_hpa": 1002,
    "condition": "Thunderstorm"
  },
  {
    "date": "2025-09-05",
    "temperature": { "min": 28, "max": 34, "avg": 31 },
    "rainfall_mm": 2,
    "humidity": 68,
    "wind_speed_kmh": 15,
    "wind_direction": "SE",
    "pressure_hpa": 1007,
    "condition": "Sunny"
  },
  {
    "date": "2025-09-06",
    "temperature": { "min": 27, "max": 32, "avg": 30 },
    "rainfall_mm": 8,
    "humidity": 75,
    "wind_speed_kmh": 18,
    "wind_direction": "N",
    "pressure_hpa": 1009,
    "condition": "Cloudy"
  },
  {
    "date": "2025-09-07",
    "temperature": { "min": 26, "max": 33, "avg": 29 },
    "rainfall_mm": 15,
    "humidity": 82,
    "wind_speed_kmh": 22,
    "wind_direction": "NW",
    "pressure_hpa": 1004,
    "condition": "Rainy"
  }
]
